Data,Último,Abertura,Máxima,Mínima,Vol.,Var%,,,,,,,,,,
25/05/2020,19.48,19.48,19.56,19.26,"37,58M",4.34%,,,,,,,,,,
26/05/2020,19.67,19.98,20.09,19.33,"68,29M",0.98%,,,,,,,,,,
27/05/2020,19.93,19.8,19.93,19.15,"74,31M",1.32%,,,,,,,,,,
28/05/2020,19.77,19.69,20.08,19.45,"64,40M",-0.80%,,,,,,,,,,
29/05/2020,20.34,19.55,20.34,19.3,"127,22M",2.88%,,,,,,,,,,
01/06/2020,20.33,20.15,20.56,20,"86,10M",-0.05%,,,,,,,,,,
02/06/2020,21.4,20.75,21.4,20.6,"76,09M",5.26%,,,,,,,,,,
03/06/2020,21.47,21.86,21.91,21.41,"85,62M",0.33%,,,,,,,,,,
04/06/2020,21.43,21.39,21.78,21.04,"106,93M",-0.19%,,,,,,,,,,
05/06/2020,22.1,22.29,23.03,22.06,"113,41M",3.13%,,,,,,,,,,
08/06/2020,22.53,22.55,22.59,22.01,"81,48M",1.95%,,,,,,,,,,
09/06/2020,21.72,22.03,22.04,21.64,"95,48M",-3.60%,,,,,,,,,,
10/06/2020,21.4,21.89,21.9,21,"102,04M",-1.47%,,,,,,,,,,
12/06/2020,20.6,20.62,21.17,20.1,"116,29M",-3.74%,,,,,,,,,,
15/06/2020,20.7,19.81,21.09,19.54,"99,37M",0.49%,,,,,,,,,,
16/06/2020,21.37,21.56,21.91,21.17,"94,17M",3.24%,,,,,,,,,,
17/06/2020,21.44,21.48,21.85,21.15,"62,47M",0.33%,,,,,,,,,,
18/06/2020,21.6,21.18,21.77,21.08,"56,62M",0.75%,,,,,,,,,,
19/06/2020,21.47,22,22.22,21.22,"90,35M",-0.60%,,,,,,,,,,
22/06/2020,20.95,21.6,21.6,20.9,"44,56M",-2.42%,,,,,,,,,,
23/06/2020,21.65,21.22,22.07,21.14,"78,52M",3.34%,,,,,,,,,,
24/06/2020,21,21.49,21.56,20.71,"64,93M",-3.00%,,,,,,,,,,
25/06/2020,21.47,20.91,21.47,20.73,"46,88M",2.24%,,,,,,,,,,
26/06/2020,20.84,21.21,21.47,20.78,"54,47M",-2.93%,,,,,,,,,,
29/06/2020,21.66,21.1,21.66,20.93,"59,39M",3.93%,,,,,,,,,,
30/06/2020,21.55,21.34,21.8,21.09,"64,52M",-0.51%,,,,,,,,,,
01/07/2020,21.71,21.75,22.25,21.52,"78,53M",0.74%,,,,,,,,,,
02/07/2020,22.06,22.1,22.21,21.86,"55,97M",1.61%,,,,,,,,,,
03/07/2020,21.98,21.95,22.18,21.8,"23,64M",-0.36%,,,,,,,,,,
06/07/2020,22.51,22.39,22.86,22.31,"57,60M",2.41%,,,,,,,,,,
07/07/2020,22.23,22.34,22.47,22.14,"46,33M",-1.24%,,,,,,,,,,
08/07/2020,22.65,22.45,22.76,22.4,"48,73M",1.89%,,,,,,,,,,
09/07/2020,22.14,22.78,22.81,22.06,"56,60M",-2.25%,,,,,,,,,,
10/07/2020,22.51,22.19,22.65,22.06,"56,92M",1.67%,,,,,,,,,,
13/07/2020,22.16,22.61,22.65,22.16,"54,70M",-1.55%,,,,,,,,,,
14/07/2020,22.9,22.13,22.96,21.86,"88,80M",3.34%,,,,,,,,,,
15/07/2020,23.34,23.2,23.43,22.85,"58,11M",1.92%,,,,,,,,,,
16/07/2020,12.84,13.09,13.15,12.72,"69,01M",-45.00%,,,,,,,,,,
17/07/2020,12.85,12.9,13.01,12.76,"49,42M",0.09%,,,,,,,,,,
20/07/2020,12.85,12.83,12.94,12.72,"48,37M",0.00%,,,,,,,,,,
21/07/2020,13.2,13.08,13.33,13.07,"101,16M",2.77%,,,,,,,,,,
22/07/2020,13.02,13.16,13.23,13,"42,83M",-1.37%,,,,,,,,,,
23/07/2020,12.75,13.09,13.13,12.74,"63,72M",-2.08%,,,,,,,,,,
24/07/2020,12.84,12.74,13.03,12.67,"42,78M",0.71%,,,,,,,,,,
27/07/2020,13.11,12.92,13.14,12.68,"56,26M",2.07%,,,,,,,,,,
28/07/2020,12.88,13.02,13.18,12.88,"47,67M",-1.72%,,,,,,,,,,
29/07/2020,13.09,13.01,13.14,12.95,"43,66M",1.62%,,,,,,,,,,
30/07/2020,12.89,12.95,12.95,12.71,"57,40M",-1.51%,,,,,,,,,,
31/07/2020,12.54,12.95,13.07,12.52,"74,90M",-2.72%,,,,,,,,,,
03/08/2020,12.32,12.74,12.74,12.27,"62,84M",-1.80%,,,,,,,,,,
04/08/2020,12.31,12.13,12.46,12.01,"62,52M",-0.09%,,,,,,,,,,
05/08/2020,13.1,12.56,13.15,12.56,"136,72M",6.43%,,,,,,,,,,
06/08/2020,13.12,13.15,13.3,13,"56,09M",0.17%,,,,,,,,,,
07/08/2020,12.88,12.92,12.94,12.74,"55,69M",-1.85%,,,,,,,,,,
10/08/2020,13.25,12.94,13.25,12.79,"52,09M",2.90%,,,,,,,,,,
11/08/2020,13.04,13.4,13.49,13.03,"66,05M",-1.58%,,,,,,,,,,
12/08/2020,13.27,13.2,13.38,13.04,"66,47M",1.73%,,,,,,,,,,
13/08/2020,12.91,13.25,13.32,12.83,"44,08M",-2.73%,,,,,,,,,,
14/08/2020,12.81,12.87,12.98,12.73,"38,15M",-0.74%,,,,,,,,,,
17/08/2020,12.77,12.81,12.91,12.52,"51,69M",-0.31%,,,,,,,,,,
18/08/2020,13.01,12.96,13.13,12.87,"49,01M",1.86%,,,,,,,,,,
19/08/2020,12.93,12.97,13.18,12.85,"51,57M",-0.56%,,,,,,,,,,
20/08/2020,12.84,12.72,12.92,12.63,"54,78M",-0.70%,,,,,,,,,,
21/08/2020,12.75,12.74,12.79,12.63,"38,24M",-0.75%,,,,,,,,,,
24/08/2020,12.98,12.92,13.07,12.88,"51,45M",1.82%,,,,,,,,,,
25/08/2020,12.92,13.05,13.08,12.82,"37,57M",-0.44%,,,,,,,,,,
26/08/2020,12.55,12.87,12.94,12.45,"69,15M",-2.84%,,,,,,,,,,
27/08/2020,12.52,12.61,12.7,12.45,"34,93M",-0.32%,,,,,,,,,,
28/08/2020,12.74,12.57,12.74,12.46,"30,66M",1.76%,,,,,,,,,,
31/08/2020,12.37,12.61,12.67,12.37,"47,68M",-2.88%,,,,,,,,,,
01/09/2020,12.92,12.54,12.93,12.5,"65,90M",4.48%,,,,,,,,,,
02/09/2020,12.88,12.96,13.05,12.72,"53,15M",-0.31%,,,,,,,,,,
03/09/2020,12.93,12.78,13.06,12.75,"87,43M",0.35%,,,,,,,,,,
04/09/2020,12.95,13,13.01,12.76,"51,91M",0.17%,,,,,,,,,,
08/09/2020,12.58,12.71,12.71,12.38,"74,10M",-2.88%,,,,,,,,,,
09/09/2020,12.84,12.71,12.87,12.71,"41,88M",2.11%,,,,,,,,,,
10/09/2020,12.5,12.76,12.76,12.49,"57,04M",-2.68%,,,,,,,,,,
11/09/2020,12.36,12.5,12.58,12.29,"70,48M",-1.08%,,,,,,,,,,
14/09/2020,12.25,12.4,12.42,12.11,"45,77M",-0.91%,,,,,,,,,,
15/09/2020,12.24,12.42,12.48,12.18,"58,19M",-0.05%,,,,,,,,,,
16/09/2020,12.28,12.35,12.43,12.2,"50,03M",0.28%,,,,,,,,,,
17/09/2020,12.52,12.15,12.53,12.13,"59,98M",1.93%,,,,,,,,,,
18/09/2020,12.23,12.43,12.52,12.18,"63,61M",-2.26%,,,,,,,,,,
21/09/2020,11.81,12.03,12.13,11.76,"72,73M",-3.46%,,,,,,,,,,
22/09/2020,11.75,11.84,12.06,11.72,"46,69M",-0.48%,,,,,,,,,,
23/09/2020,11.43,11.75,11.84,11.41,"56,40M",-2.74%,,,,,,,,,,
24/09/2020,11.53,11.44,11.7,11.33,"76,03M",0.84%,,,,,,,,,,
25/09/2020,11.37,11.39,11.45,11.23,"39,91M",-1.32%,,,,,,,,,,
28/09/2020,11.09,11.49,11.62,11.09,"48,20M",-2.48%,,,,,,,,,,
29/09/2020,10.91,11.09,11.22,10.88,"52,49M",-1.63%,,,,,,,,,,
30/09/2020,11.08,11.02,11.32,10.98,"68,79M",1.55%,,,,,,,,,,
01/10/2020,11.22,11.1,11.33,10.81,"76,06M",1.22%,,,,,,,,,,
02/10/2020,10.75,11.15,11.15,10.75,"83,73M",-4.18%,,,,,,,,,,
05/10/2020,11.32,10.94,11.39,10.87,"72,63M",5.31%,,,,,,,,,,
06/10/2020,11.26,11.57,11.7,11.26,"76,27M",-0.50%,,,,,,,,,,
07/10/2020,11.18,11.3,11.33,11.05,"52,97M",-0.70%,,,,,,,,,,
08/10/2020,11.55,11.32,11.63,11.22,"77,72M",3.28%,,,,,,,,,,
09/10/2020,11.19,11.49,11.52,11.19,"67,29M",-3.13%,,,,,,,,,,
13/10/2020,11.37,11.25,11.37,11.15,"54,83M",1.67%,,,,,,,,,,
14/10/2020,11.28,11.35,11.51,11.28,"43,91M",-0.79%,,,,,,,,,,
15/10/2020,11.16,11.09,11.17,10.98,"56,25M",-1.10%,,,,,,,,,,
16/10/2020,10.92,11.11,11.14,10.92,"49,14M",-2.13%,,,,,,,,,,
19/10/2020,11.03,10.97,11.27,10.88,"107,22M",0.98%,,,,,,,,,,
20/10/2020,11.4,11.11,11.45,11.07,"68,01M",3.38%,,,,,,,,,,
21/10/2020,11.39,11.39,11.49,11.2,"60,20M",-0.10%,,,,,,,,,,
22/10/2020,11.78,11.36,11.78,11.33,"98,36M",3.37%,,,,,,,,,,
23/10/2020,11.62,11.83,11.94,11.61,"61,33M",-1.30%,,,,,,,,,,
26/10/2020,11.44,11.49,11.6,11.32,"57,57M",-1.56%,,,,,,,,,,
27/10/2020,11.23,11.45,11.51,11.19,"47,47M",-1.83%,,,,,,,,,,
28/10/2020,10.55,10.93,10.98,10.55,"78,43M",-6.09%,,,,,,,,,,
29/10/2020,10.9,10.41,10.94,10.02,"85,50M",3.32%,,,,,,,,,,
30/10/2020,10.7,10.81,11.04,10.66,"63,58M",-1.81%,,,,,,,,,,
03/11/2020,11.1,11.02,11.24,10.92,"66,29M",3.75%,,,,,,,,,,
04/11/2020,11.14,11.31,11.34,10.89,"65,78M",0.36%,,,,,,,,,,
05/11/2020,11.24,11.27,11.29,11.14,"40,87M",0.86%,,,,,,,,,,
06/11/2020,11.16,11.05,11.27,11.04,"37,27M",-0.70%,,,,,,,,,,
09/11/2020,12.21,11.93,12.82,11.89,"164,90M",9.42%,,,,,,,,,,
10/11/2020,13.04,12.37,13.08,12.32,"163,59M",6.80%,,,,,,,,,,
11/11/2020,12.93,13.19,13.2,12.66,"93,07M",-0.87%,,,,,,,,,,
12/11/2020,12.38,12.85,12.89,12.3,"77,28M",-4.24%,,,,,,,,,,
13/11/2020,12.79,12.44,12.88,12.37,"66,07M",3.29%,,,,,,,,,,
16/11/2020,13.16,13.11,13.35,13.07,"101,58M",2.92%,,,,,,,,,,
17/11/2020,13.39,13.02,13.64,12.98,"94,08M",1.72%,,,,,,,,,,
18/11/2020,13.31,13.56,13.63,13.31,"68,54M",-0.59%,,,,,,,,,,
19/11/2020,13.46,13.31,13.53,13.2,"65,38M",1.15%,,,,,,,,,,
20/11/2020,13.36,13.47,13.56,13.26,"38,14M",-0.71%,,,,,,,,,,
23/11/2020,14.18,13.59,14.18,13.58,"125,65M",6.13%,,,,,,,,,,
24/11/2020,14.82,14.49,15.07,14.49,"153,29M",4.46%,,,,,,,,,,
25/11/2020,14.83,14.8,14.97,14.5,"73,97M",0.11%,,,,,,,,,,
26/11/2020,14.59,14.66,14.66,14.44,"41,94M",-1.64%,,,,,,,,,,
27/11/2020,14.41,14.65,14.72,14.38,"49,86M",-1.24%,,,,,,,,,,
30/11/2020,14.07,14.27,14.62,14.04,"90,21M",-2.35%,,,,,,,,,,
01/12/2020,14.46,14.35,14.56,14.29,"58,87M",2.81%,,,,,,,,,,
02/12/2020,14.64,14.46,14.97,14.31,"88,09M",1.21%,,,,,,,,,,
03/12/2020,15.05,14.78,15.19,14.72,"62,42M",2.82%,,,,,,,,,,
04/12/2020,15.56,15.36,15.58,15.29,"61,65M",3.34%,,,,,,,,,,
07/12/2020,15.26,15.41,15.7,15.07,"72,66M",-1.93%,,,,,,,,,,
08/12/2020,15.06,15.15,15.33,14.95,"46,28M",-1.26%,,,,,,,,,,
09/12/2020,15.22,15.05,15.24,14.92,"52,45M",1.05%,,,,,,,,,,
10/12/2020,15.72,15.36,15.93,15.33,"97,54M",3.27%,,,,,,,,,,
11/12/2020,15.58,15.53,15.73,15.41,"48,33M",-0.90%,,,,,,,,,,
14/12/2020,15.61,15.84,15.97,15.61,"53,16M",0.18%,,,,,,,,,,
15/12/2020,15.74,15.71,15.82,15.62,"47,21M",0.83%,,,,,,,,,,
16/12/2020,15.93,15.74,15.96,15.52,"59,40M",1.22%,,,,,,,,,,
17/12/2020,15.96,15.99,16.04,15.86,"39,15M",0.18%,,,,,,,,,,
18/12/2020,15.88,15.88,16,15.83,"44,71M",-0.50%,,,,,,,,,,
21/12/2020,15.27,15.36,15.53,14.98,"99,99M",-3.84%,,,,,,,,,,
22/12/2020,15.41,15.37,15.52,15.28,"46,51M",0.96%,,,,,,,,,,
23/12/2020,15.79,15.5,15.96,15.45,"49,04M",2.46%,,,,,,,,,,
28/12/2020,15.92,16.02,16.11,15.92,"36,31M",0.82%,,,,,,,,,,
29/12/2020,15.97,16.04,16.06,15.82,"29,89M",0.32%,,,,,,,,,,
30/12/2020,16.01,16.02,16.1,15.93,"36,97M",0.25%,,,,,,,,,,
04/01/2021,16.34,16.19,16.49,16.12,"74,72M",2.01%,,,,,,,,,,
05/01/2021,16.97,16.33,17.05,15.96,"95,18M",3.91%,,,,,,,,,,
06/01/2021,16.99,17.04,17.46,16.98,"96,56M",0.10%,,,,,,,,,,
07/01/2021,17.52,17.14,17.6,17.14,"56,16M",3.09%,,,,,,,,,,
08/01/2021,17.58,17.78,17.95,17.15,"67,14M",0.39%,,,,,,,,,,
11/01/2021,17.44,17.3,17.55,17.18,"48,74M",-0.84%,,,,,,,,,,
12/01/2021,17.31,17.58,17.83,17.31,"65,69M",-0.75%,,,,,,,,,,
13/01/2021,16.47,17.34,17.44,16.39,"93,83M",-4.83%,,,,,,,,,,
14/01/2021,16.64,16.48,16.76,16.23,"50,73M",1.03%,,,,,,,,,,
15/01/2021,15.89,16.41,16.43,15.84,"80,67M",-4.52%,,,,,,,,,,
18/01/2021,15.86,16,16.3,15.83,"68,86M",-0.18%,,,,,,,,,,
19/01/2021,16.21,16.09,16.31,15.62,"61,65M",2.21%,,,,,,,,,,
20/01/2021,15.94,16.36,16.45,15.88,"60,31M",-1.67%,,,,,,,,,,
21/01/2021,15.57,15.83,16.05,15.54,"41,28M",-2.34%,,,,,,,,,,
22/01/2021,15.31,15.22,15.39,15.01,"51,18M",-1.67%,,,,,,,,,,
26/01/2021,15.26,15.4,15.8,15.15,"64,51M",-0.33%,,,,,,,,,,
27/01/2021,15.47,15.15,15.92,14.99,"68,34M",1.41%,,,,,,,,,,
28/01/2021,15.69,15.44,16.08,15.43,"67,83M",1.39%,,,,,,,,,,
29/01/2021,15.08,15.55,15.64,15.08,"67,56M",-3.85%,,,,,,,,,,
01/02/2021,15.56,15.4,15.64,15.16,"44,45M",3.15%,,,,,,,,,,
02/02/2021,16.19,16.05,16.46,15.93,"91,66M",4.10%,,,,,,,,,,
03/02/2021,16.3,16.37,16.46,16.19,"51,77M",0.66%,,,,,,,,,,
04/02/2021,16.28,16.29,16.38,15.94,"41,44M",-0.10%,,,,,,,,,,
05/02/2021,16.4,16.37,17,16,"121,10M",0.69%,,,,,,,,,,
08/02/2021,15.88,16.11,16.56,15.71,"98,82M",-3.14%,,,,,,,,,,
09/02/2021,15.56,15.85,16.03,15.47,"63,66M",-2.03%,,,,,,,,,,
10/02/2021,15.71,15.67,15.84,15.32,"52,95M",0.94%,,,,,,,,,,
11/02/2021,15.87,15.9,16.1,15.75,"61,16M",1.01%,,,,,,,,,,
12/02/2021,16.07,15.71,16.1,15.6,"47,80M",1.28%,,,,,,,,,,
17/02/2021,16.72,16.11,16.72,15.89,"54,97M",4.04%,,,,,,,,,,
18/02/2021,16.54,17.17,17.47,16.41,"105,54M",-1.08%,,,,,,,,,,
19/02/2021,15.44,15.84,16.1,15.35,"215,83M",-6.63%,,,,,,,,,,
22/02/2021,12.12,12.88,13.11,12.09,"490,23M",-21.51%,,,,,,,,,,
23/02/2021,13.59,13.02,13.71,12.83,"293,50M",12.17%,,,,,,,,,,
24/02/2021,13.79,13.87,14.13,13.57,"155,25M",1.41%,,,,,,,,,,
25/02/2021,13.1,14.13,14.27,13.05,"170,15M",-4.96%,,,,,,,,,,
26/02/2021,12.57,13.11,13.23,12.41,"159,88M",-4.10%,,,,,,,,,,
01/03/2021,12.43,12.88,13.02,12.39,"90,33M",-1.08%,,,,,,,,,,
02/03/2021,12.43,12.34,12.62,11.68,"147,77M",-0.05%,,,,,,,,,,
03/03/2021,11.97,12.32,12.37,11.57,"185,69M",-3.64%,,,,,,,,,,
04/03/2021,12.55,12.04,12.66,11.93,"127,84M",4.86%,,,,,,,,,,
05/03/2021,12.65,12.68,13.12,12.59,"126,31M",0.77%,,,,,,,,,,
08/03/2021,11.92,12.4,12.59,11.84,"141,14M",-5.76%,,,,,,,,,,
09/03/2021,12.2,12.07,12.4,11.79,"122,55M",2.32%,,,,,,,,,,
10/03/2021,12.62,12.4,12.62,12.19,"111,74M",3.47%,,,,,,,,,,
11/03/2021,13.16,12.78,13.27,12.78,"130,58M",4.25%,,,,,,,,,,
12/03/2021,13.09,13.08,13.21,12.92,"68,12M",-0.52%,,,,,,,,,,
15/03/2021,13.36,13.06,13.37,13.05,"67,54M",2.07%,,,,,,,,,,
16/03/2021,13.15,13.35,13.38,13.13,"43,12M",-1.56%,,,,,,,,,,
17/03/2021,13.61,13.07,13.63,13.06,"77,63M",3.44%,,,,,,,,,,
18/03/2021,13.13,13.49,13.5,13.04,"76,65M",-3.49%,,,,,,,,,,
19/03/2021,13.56,13.15,13.58,13.1,"89,62M",3.27%,,,,,,,,,,
22/03/2021,13.29,13.39,13.44,13.13,"43,73M",-2.00%,,,,,,,,,,
23/03/2021,12.88,13.09,13.35,12.88,"56,43M",-3.06%,,,,,,,,,,
24/03/2021,12.89,13.1,13.3,12.89,"62,21M",0.09%,,,,,,,,,,
25/03/2021,13.11,12.83,13.17,12.52,"78,84M",1.67%,,,,,,,,,,
26/03/2021,13.26,13.27,13.49,13.06,"60,63M",1.12%,,,,,,,,,,
29/03/2021,13.46,13.19,13.46,13.15,"49,67M",1.58%,,,,,,,,,,
30/03/2021,13.46,13.36,13.56,13.32,"40,70M",0.00%,,,,,,,,,,
31/03/2021,13.62,13.45,13.69,13.44,"68,27M",1.13%,,,,,,,,,,
01/04/2021,13.5,13.72,13.78,13.44,"46,75M",-0.87%,,,,,,,,,,
05/04/2021,13.58,13.63,13.67,13.38,"40,18M",0.63%,,,,,,,,,,
06/04/2021,13.57,13.66,13.77,13.51,"45,51M",-0.08%,,,,,,,,,,
07/04/2021,13.56,13.53,13.75,13.52,"55,07M",-0.08%,,,,,,,,,,
08/04/2021,13.39,13.55,13.58,13.2,"62,74M",-1.25%,,,,,,,,,,
09/04/2021,13.36,13.28,13.44,13.2,"46,82M",-0.21%,,,,,,,,,,
12/04/2021,13.5,13.54,13.77,13.44,"50,14M",1.01%,,,,,,,,,,
13/04/2021,13.54,13.55,13.62,13.39,"52,78M",0.33%,,,,,,,,,,
14/04/2021,13.76,13.67,13.89,13.55,"90,29M",1.59%,,,,,,,,,,
15/04/2021,13.48,13.84,13.91,13.44,"63,51M",-2.01%,,,,,,,,,,
16/04/2021,13.4,13.51,13.57,13.32,"59,15M",-0.61%,,,,,,,,,,
19/04/2021,14.18,13.4,14.53,13.3,"195,00M",5.80%,,,,,,,,,,
20/04/2021,13.91,14.21,14.36,13.87,"93,94M",-1.89%,,,,,,,,,,
22/04/2021,13.84,14.1,14.12,13.81,"46,19M",-0.46%,,,,,,,,,,
23/04/2021,13.83,13.94,13.98,13.73,"59,82M",-0.08%,,,,,,,,,,
26/04/2021,13.89,13.93,14.04,13.79,"33,02M",0.38%,,,,,,,,,,
27/04/2021,13.49,13.91,14.11,13.49,"75,80M",-2.86%,,,,,,,,,,
28/04/2021,13.98,13.66,14.07,13.64,"65,86M",3.64%,,,,,,,,,,
29/04/2021,13.79,14.08,14.18,13.68,"49,20M",-1.34%,,,,,,,,,,
30/04/2021,13.79,13.66,13.97,13.59,"60,38M",0.00%,,,,,,,,,,
03/05/2021,13.68,13.9,13.9,13.61,"47,97M",-0.80%,,,,,,,,,,
04/05/2021,13.37,13.75,13.8,13.36,"43,71M",-2.30%,,,,,,,,,,
05/05/2021,13.91,13.53,13.98,13.5,"75,38M",4.11%,,,,,,,,,,
06/05/2021,13.72,13.84,13.93,13.66,"53,65M",-1.38%,,,,,,,,,,
07/05/2021,14.24,13.8,14.28,13.7,"73,69M",3.74%,,,,,,,,,,
10/05/2021,14.42,14.48,14.59,14.35,"73,59M",1.31%,,,,,,,,,,
11/05/2021,14.69,14.27,14.7,14.2,"73,36M",1.82%,,,,,,,,,,
12/05/2021,14.47,14.57,14.91,14.42,"89,35M",-1.47%,,,,,,,,,,
13/05/2021,14.59,14.46,14.66,14.27,"76,72M",0.85%,,,,,,,,,,
14/05/2021,15.35,15.06,15.4,14.92,"195,81M",5.16%,,,,,,,,,,
17/05/2021,15.57,15.36,15.57,15.3,"82,94M",1.45%,,,,,,,,,,
18/05/2021,15.39,15.59,15.65,15.34,"62,02M",-1.16%,,,,,,,,,,
19/05/2021,15.27,15.09,15.39,15.06,"84,35M",-0.76%,,,,,,,,,,
20/05/2021,15.14,15.27,15.35,15.02,"70,99M",-0.84%,,,,,,,,,,
21/05/2021,15.15,15.23,15.36,15.15,"81,34M",0.08%,,,,,,,,,,
24/05/2021,15.41,15.35,15.49,15.18,"62,78M",1.70%,,,,,,,,,,
25/05/2021,15.09,15.46,15.54,15.05,"63,21M",-2.08%,,,,,,,,,,
26/05/2021,15.23,15.13,15.29,14.98,"46,25M",0.97%,,,,,,,,,,
27/05/2021,15.13,15.23,15.33,15.05,"48,45M",-0.69%,,,,,,,,,,
28/05/2021,15.76,15.3,15.78,15.27,"128,99M",4.17%,,,,,,,,,,
31/05/2021,15.69,15.74,15.88,15.64,"46,03M",-0.44%,,,,,,,,,,
01/06/2021,15.94,16,16.17,15.77,"90,02M",1.56%,,,,,,,,,,
02/06/2021,16.38,15.97,16.39,15.92,"104,09M",2.82%,,,,,,,,,,
04/06/2021,16.64,16.38,16.71,16.3,"102,40M",1.57%,,,,,,,,,,
07/06/2021,16.52,16.64,16.67,16.36,"74,03M",-0.74%,,,,,,,,,,
08/06/2021,16.73,16.45,16.82,16.33,"88,14M",1.31%,,,,,,,,,,
09/06/2021,16.73,16.77,16.98,16.65,"60,37M",0.00%,,,,,,,,,,
10/06/2021,16.75,16.83,16.95,16.68,"35,66M",0.07%,,,,,,,,,,
11/06/2021,16.68,16.82,16.85,16.5,"54,78M",-0.38%,,,,,,,,,,
14/06/2021,16.79,16.88,17.14,16.71,"64,04M",0.63%,,,,,,,,,,
15/06/2021,16.95,16.91,16.97,16.72,"42,30M",0.97%,,,,,,,,,,
16/06/2021,17.02,16.98,17.1,16.8,"76,78M",0.38%,,,,,,,,,,
17/06/2021,16.43,16.94,17.05,16.3,"94,48M",-3.47%,,,,,,,,,,
18/06/2021,16.54,16.35,16.59,16.14,"114,06M",0.68%,,,,,,,,,,
21/06/2021,16.9,16.58,16.93,16.58,"50,41M",2.22%,,,,,,,,,,
22/06/2021,16.99,16.93,17.09,16.74,"41,44M",0.52%,,,,,,,,,,
23/06/2021,17.11,17.08,17.24,16.93,"57,11M",0.69%,,,,,,,,,,
24/06/2021,17.31,17.22,17.31,17.06,"51,14M",1.19%,,,,,,,,,,
25/06/2021,16.99,17.34,17.39,16.9,"84,49M",-1.85%,,,,,,,,,,
28/06/2021,16.96,17.04,17.09,16.74,"40,16M",-0.17%,,,,,,,,,,
29/06/2021,17.04,16.99,17.04,16.78,"43,10M",0.45%,,,,,,,,,,
30/06/2021,17.18,16.95,17.27,16.89,"70,91M",0.86%,,,,,,,,,,
01/07/2021,16.97,17.37,17.45,16.89,"64,86M",-1.26%,,,,,,,,,,
02/07/2021,17.04,17.11,17.16,16.78,"37,22M",0.41%,,,,,,,,,,
05/07/2021,16.85,16.94,17.03,16.57,"55,76M",-1.13%,,,,,,,,,,
06/07/2021,16.16,16.76,16.82,16.16,"97,04M",-4.09%,,,,,,,,,,
07/07/2021,16.38,16.44,16.44,16.01,"73,36M",1.37%,,,,,,,,,,
08/07/2021,16.05,16,16.16,15.92,"80,20M",-2.00%,,,,,,,,,,
12/07/2021,16.19,16.1,16.22,15.93,"52,41M",0.87%,,,,,,,,,,
13/07/2021,16.29,16.09,16.33,15.99,"41,20M",0.61%,,,,,,,,,,
14/07/2021,16.16,16.41,16.47,16.08,"51,40M",-0.82%,,,,,,,,,,
15/07/2021,15.81,16.05,16.13,15.72,"67,61M",-2.13%,,,,,,,,,,
16/07/2021,15.58,15.9,15.99,15.52,"67,46M",-1.48%,,,,,,,,,,
19/07/2021,15.32,15.16,15.44,15.1,"79,83M",-1.65%,,,,,,,,,,
20/07/2021,15.53,15.29,15.73,15.12,"63,09M",1.33%,,,,,,,,,,
21/07/2021,15.74,15.64,15.91,15.53,"50,12M",1.39%,,,,,,,,,,
22/07/2021,15.71,15.77,15.89,15.6,"37,43M",-0.22%,,,,,,,,,,
23/07/2021,15.61,15.82,15.86,15.58,"33,77M",-0.59%,,,,,,,,,,
26/07/2021,16.04,15.61,16.04,15.6,"46,40M",2.73%,,,,,,,,,,
27/07/2021,15.85,15.97,16,15.71,"51,66M",-1.16%,,,,,,,,,,
28/07/2021,16.18,16.02,16.29,15.88,"46,58M",2.06%,,,,,,,,,,
29/07/2021,16.24,16.23,16.3,16.06,"43,60M",0.36%,,,,,,,,,,
30/07/2021,15.71,16.12,16.25,15.67,"73,60M",-3.24%,,,,,,,,,,
02/08/2021,15.42,15.88,16.01,15.4,"70,04M",-1.86%,,,,,,,,,,
03/08/2021,15.68,15.39,15.69,15.06,"71,53M",1.67%,,,,,,,,,,
04/08/2021,15.35,15.5,15.63,15.15,"87,58M",-2.12%,,,,,,,,,,
05/08/2021,16.55,16.79,16.92,16.38,"222,99M",7.88%,,,,,,,,,,
06/08/2021,16.58,16.64,16.66,16.36,"50,80M",0.14%,,,,,,,,,,
09/08/2021,16.46,16.32,16.47,16.16,"75,03M",-0.70%,,,,,,,,,,
10/08/2021,16.51,16.52,16.81,16.49,"84,02M",0.32%,,,,,,,,,,
11/08/2021,16.74,16.44,16.93,16.33,"97,61M",1.38%,,,,,,,,,,
12/08/2021,16.99,16.73,17.04,16.64,"94,92M",1.50%,,,,,,,,,,
13/08/2021,17.14,16.97,17.29,16.95,"84,74M",0.86%,,,,,,,,,,
16/08/2021,16.72,17.05,17.07,16.49,"100,31M",-2.42%,,,,,,,,,,
17/08/2021,16.72,16.61,17.09,16.36,"92,96M",0.00%,,,,,,,,,,
18/08/2021,16.57,16.72,16.9,16.49,"85,28M",-0.89%,,,,,,,,,,
19/08/2021,16.48,16.25,16.62,16.17,"80,25M",-0.56%,,,,,,,,,,
20/08/2021,16.46,16.33,16.48,16.19,"84,94M",-0.15%,,,,,,,,,,
23/08/2021,16.72,16.67,16.9,16.56,"69,50M",1.58%,,,,,,,,,,
24/08/2021,17.06,16.88,17.09,16.85,"49,60M",2.07%,,,,,,,,,,
25/08/2021,17.16,17.09,17.22,16.94,"45,93M",0.54%,,,,,,,,,,
26/08/2021,17.01,17.06,17.25,17,"40,64M",-0.87%,,,,,,,,,,
27/08/2021,17.63,17.14,17.63,17.12,"76,10M",3.64%,,,,,,,,,,
30/08/2021,17.51,17.57,17.76,17.48,"60,86M",-0.67%,,,,,,,,,,
31/08/2021,16.82,17.45,17.47,16.7,"109,91M",-3.92%,,,,,,,,,,
01/09/2021,16.73,16.9,16.92,16.29,"69,06M",-0.55%,,,,,,,,,,
02/09/2021,16.46,16.7,16.92,16.37,"55,50M",-1.63%,,,,,,,,,,
03/09/2021,16.29,16.49,16.57,16.15,"57,37M",-1.02%,,,,,,,,,,
06/09/2021,16.37,16.22,16.53,16.18,"26,30M",0.49%,,,,,,,,,,
08/09/2021,15.45,16.27,16.3,15.34,"79,42M",-5.63%,,,,,,,,,,
09/09/2021,15.78,15.52,16.01,14.94,"154,71M",2.12%,,,,,,,,,,
10/09/2021,15.68,16.1,16.17,15.67,"78,02M",-0.63%,,,,,,,,,,
13/09/2021,16.23,15.96,16.33,15.86,"63,01M",3.51%,,,,,,,,,,
14/09/2021,16.01,16.06,16.24,15.91,"65,21M",-1.33%,,,,,,,,,,
15/09/2021,16.29,16.09,16.37,16.01,"66,93M",1.74%,,,,,,,,,,
16/09/2021,16.15,16.14,16.23,15.78,"65,19M",-0.87%,,,,,,,,,,
17/09/2021,15.42,16.07,16.1,15.32,"128,32M",-4.48%,,,,,,,,,,
20/09/2021,15.25,14.9,15.25,14.72,"79,83M",-1.12%,,,,,,,,,,
21/09/2021,15.6,15.52,15.65,15.18,"64,35M",2.27%,,,,,,,,,,
22/09/2021,15.99,15.8,16.22,15.79,"69,95M",2.54%,,,,,,,,,,
23/09/2021,16.61,16.06,16.67,16.03,"83,86M",3.83%,,,,,,,,,,
24/09/2021,16.64,16.43,16.74,16.38,"44,59M",0.22%,,,,,,,,,,
27/09/2021,16.79,16.79,16.99,16.4,"88,97M",0.89%,,,,,,,,,,
28/09/2021,16.68,16.82,17.26,16.53,"117,50M",-0.66%,,,,,,,,,,
29/09/2021,16.95,16.83,17.03,16.59,"58,55M",1.59%,,,,,,,,,,
30/09/2021,16.85,17.03,17.06,16.81,"65,45M",-0.58%,,,,,,,,,,
01/10/2021,17.32,16.78,17.32,16.75,"60,61M",2.83%,,,,,,,,,,
04/10/2021,17.81,17.17,17.82,17.15,"106,56M",2.82%,,,,,,,,,,
05/10/2021,18.2,17.94,18.23,17.88,"99,46M",2.19%,,,,,,,,,,
06/10/2021,17.72,17.91,18.05,17.61,"84,20M",-2.65%,,,,,,,,,,
07/10/2021,17.69,17.76,17.93,17.48,"60,19M",-0.14%,,,,,,,,,,
08/10/2021,18.02,17.94,18.32,17.76,"83,79M",1.82%,,,,,,,,,,
11/10/2021,18.14,18.25,18.47,18.03,"76,30M",0.69%,,,,,,,,,,
13/10/2021,18.33,18.05,18.38,17.99,"55,43M",1.06%,,,,,,,,,,
14/10/2021,18.36,18.47,18.7,18.25,"75,91M",0.17%,,,,,,,,,,
15/10/2021,18.31,18.44,18.46,18.26,"71,60M",-0.27%,,,,,,,,,,
18/10/2021,18.22,18.19,18.34,17.94,"68,75M",-0.51%,,,,,,,,,,
19/10/2021,17.33,18.09,18.14,17.24,"111,00M",-4.89%,,,,,,,,,,
20/10/2021,17.58,17.49,17.82,17.29,"55,26M",1.43%,,,,,,,,,,
21/10/2021,16.98,17.24,17.43,16.66,"100,96M",-3.38%,,,,,,,,,,
22/10/2021,16.82,16.77,17.17,15.94,"138,16M",-0.98%,,,,,,,,,,
25/10/2021,17.97,17.17,18.13,17.11,"135,26M",6.84%,,,,,,,,,,
26/10/2021,17.79,17.82,18.08,17.69,"57,54M",-0.96%,,,,,,,,,,
27/10/2021,17.75,17.84,17.98,17.61,"57,27M",-0.24%,,,,,,,,,,
28/10/2021,17.92,17.65,18.1,17.48,"87,35M",0.94%,,,,,,,,,,
29/10/2021,16.86,18.02,18.06,16.69,"156,81M",-5.90%,,,,,,,,,,
01/11/2021,17.32,17.14,17.52,16.93,"101,81M",2.75%,,,,,,,,,,
03/11/2021,16.61,17.14,17.23,16.58,"81,99M",-4.11%,,,,,,,,,,
04/11/2021,16.09,16.72,16.85,15.99,"91,97M",-3.17%,,,,,,,,,,
05/11/2021,15.99,16.27,16.42,15.95,"85,79M",-0.58%,,,,,,,,,,
08/11/2021,16.16,15.97,16.49,15.91,"59,70M",1.04%,,,,,,,,,,
09/11/2021,16.48,16.21,16.67,16.21,"73,02M",1.99%,,,,,,,,,,
10/11/2021,16.35,16.46,16.66,16.18,"68,18M",-0.79%,,,,,,,,,,
11/11/2021,16.36,16.63,16.63,16.23,"60,85M",0.08%,,,,,,,,,,
12/11/2021,16.7,16.28,16.8,16.09,"85,96M",2.04%,,,,,,,,,,
16/11/2021,16.87,16.87,17.05,16.48,"60,98M",1.04%,,,,,,,,,,
17/11/2021,16.44,16.95,16.98,16.39,"82,11M",-2.53%,,,,,,,,,,
18/11/2021,16.42,16.51,16.55,16.12,"63,99M",-0.15%,,,,,,,,,,
19/11/2021,16.15,16.15,16.26,15.95,"84,86M",-1.66%,,,,,,,,,,
22/11/2021,16.31,16.27,16.79,16.27,"59,20M",1.00%,,,,,,,,,,
23/11/2021,17.2,16.46,17.35,16.4,"108,38M",5.46%,,,,,,,,,,
24/11/2021,17.55,17.19,17.6,17.02,"64,26M",2.05%,,,,,,,,,,
25/11/2021,18.33,17.97,18.43,17.67,"104,05M",4.41%,,,,,,,,,,
26/11/2021,17.61,17.56,18.04,17.37,"108,87M",-3.88%,,,,,,,,,,
29/11/2021,18.23,18.16,18.45,17.82,"84,67M",3.51%,,,,,,,,,,
30/11/2021,18.21,18.13,18.34,17.86,"129,38M",-0.14%,,,,,,,,,,
01/12/2021,18.31,18.46,18.98,18.24,"135,08M",0.58%,,,,,,,,,,
02/12/2021,19.01,18.09,19.09,17.56,"191,41M",3.79%,,,,,,,,,,
03/12/2021,19.28,19.09,19.4,18.91,"105,13M",1.41%,,,,,,,,,,
06/12/2021,19.36,19.29,19.62,19.22,"66,14M",0.45%,,,,,,,,,,
07/12/2021,19.68,19.62,19.82,19.3,"98,98M",1.63%,,,,,,,,,,
08/12/2021,19.67,19.68,20.15,19.58,"71,15M",-0.03%,,,,,,,,,,
09/12/2021,19.63,19.5,19.77,19.3,"67,67M",-0.20%,,,,,,,,,,
10/12/2021,19.87,19.77,20.17,19.76,"38,52M",1.23%,,,,,,,,,,
13/12/2021,19.75,19.89,20.14,19.63,"45,45M",-0.61%,,,,,,,,,,
14/12/2021,19.52,19.85,20.01,19.44,"56,83M",-1.19%,,,,,,,,,,
15/12/2021,19.64,19.5,19.64,19.16,"55,09M",0.62%,,,,,,,,,,
16/12/2021,19.9,19.85,20.09,19.77,"56,55M",1.33%,,,,,,,,,,
17/12/2021,19.43,19.65,19.87,19.29,"93,23M",-2.36%,,,,,,,,,,
20/12/2021,18.87,19.06,19.14,18.55,"106,28M",-2.86%,,,,,,,,,,
21/12/2021,18.9,19.14,19.25,18.85,"40,45M",0.14%,,,,,,,,,,
22/12/2021,18.87,19.03,19.03,18.75,"33,73M",-0.14%,,,,,,,,,,
23/12/2021,18.99,18.99,19.05,18.87,"28,71M",0.60%,,,,,,,,,,
27/12/2021,19.27,18.98,19.29,18.87,"44,23M",1.48%,,,,,,,,,,
28/12/2021,19.29,19.44,19.62,19.24,"30,69M",0.10%,,,,,,,,,,
29/12/2021,19.13,19.24,19.37,19.05,"35,51M",-0.83%,,,,,,,,,,
30/12/2021,19.07,19.14,19.24,19.03,"43,23M",-0.32%,,,,,,,,,,
03/01/2022,19.5,19.13,19.58,19.12,"52,70M",2.25%,,,,,,,,,,
04/01/2022,19.57,19.54,19.7,19.38,"51,74M",0.38%,,,,,,,,,,
05/01/2022,18.81,19.56,19.62,18.73,"78,46M",-3.87%,,,,,,,,,,
06/01/2022,18.8,18.96,19.2,18.66,"61,16M",-0.07%,,,,,,,,,,
07/01/2022,18.89,18.84,18.96,18.65,"47,51M",0.46%,,,,,,,,,,
10/01/2022,18.77,18.76,18.93,18.58,"37,46M",-0.60%,,,,,,,,,,
11/01/2022,19.33,18.83,19.48,18.67,"73,62M",2.96%,,,,,,,,,,
12/01/2022,19.92,19.4,20.05,19.4,"81,38M",3.05%,,,,,,,,,,
13/01/2022,20.32,19.79,20.53,19.77,"76,72M",2.02%,,,,,,,,,,
14/01/2022,21.08,20.29,21.18,20.27,"96,46M",3.73%,,,,,,,,,,
17/01/2022,21.11,21.05,21.32,20.94,"35,68M",0.16%,,,,,,,,,,
18/01/2022,21.21,21.15,21.43,20.76,"78,20M",0.44%,,,,,,,,,,
19/01/2022,21.11,21.38,21.59,21.07,"77,48M",-0.47%,,,,,,,,,,
20/01/2022,21.26,21.11,21.45,20.85,"85,35M",0.73%,,,,,,,,,,
21/01/2022,21.29,21.16,21.37,21.13,"60,38M",0.16%,,,,,,,,,,
24/01/2022,21.41,21.24,21.62,20.8,"79,12M",0.57%,,,,,,,,,,
25/01/2022,22.11,21.25,22.27,21.17,"98,36M",3.26%,,,,,,,,,,
26/01/2022,22.7,22.32,22.97,22.32,"98,68M",2.67%,,,,,,,,,,
27/01/2022,22.71,22.96,23.22,22.23,"90,63M",0.03%,,,,,,,,,,
28/01/2022,21.81,22.65,23.02,21.58,"117,40M",-3.96%,,,,,,,,,,
31/01/2022,21.68,21.78,22.12,21.49,"62,45M",-0.58%,,,,,,,,,,
01/02/2022,22.12,21.68,22.33,21.41,"57,32M",2.01%,,,,,,,,,,
02/02/2022,21.8,22.39,22.45,21.69,"36,27M",-1.45%,,,,,,,,,,
03/02/2022,21.49,21.68,22.06,21.19,"51,09M",-1.38%,,,,,,,,,,
04/02/2022,21.87,21.72,22.27,21.37,"59,35M",1.75%,,,,,,,,,,
07/02/2022,21.55,21.82,21.97,21.53,"48,87M",-1.47%,,,,,,,,,,
08/02/2022,21.33,21.38,21.41,20.95,"62,59M",-1.00%,,,,,,,,,,
09/02/2022,21.41,21.27,21.91,21.21,"50,96M",0.38%,,,,,,,,,,
10/02/2022,21.74,21.65,22.05,21.41,"49,53M",1.53%,,,,,,,,,,
11/02/2022,22.63,21.96,22.73,21.87,"88,01M",4.07%,,,,,,,,,,
14/02/2022,22.12,22.69,22.75,22,"55,69M",-2.25%,,,,,,,,,,
15/02/2022,21.77,21.89,21.9,21.37,"65,69M",-1.58%,,,,,,,,,,
16/02/2022,22.07,22,22.59,21.96,"65,81M",1.39%,,,,,,,,,,
17/02/2022,21.98,22.02,22.31,21.82,"43,26M",-0.39%,,,,,,,,,,
18/02/2022,22.12,21.83,22.18,21.63,"58,65M",0.61%,,,,,,,,,,
21/02/2022,22.69,22.15,22.79,22.12,"51,26M",2.58%,,,,,,,,,,
22/02/2022,22.61,22.94,23.24,22.26,"80,21M",-0.32%,,,,,,,,,,
23/02/2022,22.94,22.91,23.19,22.65,"86,53M",1.42%,,,,,,,,,,
24/02/2022,22.38,23.32,23.65,21.9,"139,67M",-2.43%,,,,,,,,,,
25/02/2022,22.79,22.42,22.79,22.05,"86,19M",1.83%,,,,,,,,,,
02/03/2022,23.24,23.63,23.65,23.05,"58,07M",1.97%,,,,,,,,,,
03/03/2022,22.95,23.34,23.41,22.9,"69,24M",-1.24%,,,,,,,,,,
04/03/2022,22.94,22.84,23.24,22.67,"55,42M",-0.03%,,,,,,,,,,
07/03/2022,21.31,23.12,23.19,21.2,"110,95M",-7.10%,,,,,,,,,,
08/03/2022,21.76,21.45,22.1,21.12,"111,63M",2.08%,,,,,,,,,,
09/03/2022,21.82,21.85,22,21.27,"87,78M",0.31%,,,,,,,,,,
10/03/2022,22.59,21.85,23.19,21.8,"136,44M",3.50%,,,,,,,,,,
11/03/2022,21.78,22.73,23.04,21.49,"92,15M",-3.59%,,,,,,,,,,
14/03/2022,21.36,21.74,22.04,21.13,"52,13M",-1.91%,,,,,,,,,,
15/03/2022,20.84,20.87,21.14,20.42,"66,03M",-2.42%,,,,,,,,,,
16/03/2022,20.66,21.11,21.14,20.36,"71,60M",-0.87%,,,,,,,,,,
17/03/2022,20.11,20.94,21.05,19.77,"177,81M",-2.66%,,,,,,,,,,
18/03/2022,20.52,20.17,20.66,20.01,"92,48M",2.00%,,,,,,,,,,
21/03/2022,21.29,20.72,21.51,20.54,"67,45M",3.76%,,,,,,,,,,
22/03/2022,21.19,21.44,21.51,21.01,"55,95M",-0.44%,,,,,,,,,,
23/03/2022,21.48,21.4,21.76,21.24,"52,77M",1.36%,,,,,,,,,,
24/03/2022,21.73,21.48,21.85,21.23,"48,85M",1.15%,,,,,,,,,,
25/03/2022,21.65,21.55,21.82,21.39,"51,63M",-0.37%,,,,,,,,,,
28/03/2022,21.18,21.49,21.5,20.76,"67,71M",-2.17%,,,,,,,,,,
29/03/2022,21.65,21.53,21.96,21.39,"93,64M",2.22%,,,,,,,,,,
30/03/2022,22.11,21.78,22.11,21.7,"69,29M",2.14%,,,,,,,,,,
31/03/2022,22.42,21.83,22.5,21.78,"94,02M",1.39%,,,,,,,,,,
01/04/2022,22.12,22.49,22.65,22.06,"72,28M",-1.32%,,,,,,,,,,
04/04/2022,21.92,22.05,22.05,21.62,"55,98M",-0.94%,,,,,,,,,,
05/04/2022,21.71,21.89,22.16,21.71,"45,38M",-0.95%,,,,,,,,,,
06/04/2022,21.69,21.85,21.97,21.47,"56,80M",-0.09%,,,,,,,,,,
07/04/2022,22.81,21.88,22.83,21.78,"118,12M",5.19%,,,,,,,,,,
08/04/2022,22.93,22.83,23.06,22.69,"60,52M",0.50%,,,,,,,,,,
11/04/2022,22.75,22.72,22.85,22.64,"47,99M",-0.76%,,,,,,,,,,
12/04/2022,22.69,23.06,23.24,22.65,"67,82M",-0.29%,,,,,,,,,,
13/04/2022,23.17,23.04,23.32,22.85,"100,79M",2.13%,,,,,,,,,,
14/04/2022,22.85,23.09,23.43,22.77,"118,44M",-1.38%,,,,,,,,,,
18/04/2022,22.45,22.77,22.94,22.26,"76,06M",-1.76%,,,,,,,,,,
19/04/2022,23.13,22.77,23.38,22.74,"88,29M",3.03%,,,,,,,,,,
20/04/2022,23.24,23.13,23.35,22.89,"34,55M",0.47%,,,,,,,,,,
22/04/2022,22.33,22.69,22.87,22.16,"74,30M",-3.90%,,,,,,,,,,
25/04/2022,22,21.9,22.24,21.59,"66,22M",-1.47%,,,,,,,,,,
26/04/2022,21.97,22,22.35,21.84,"48,60M",-0.17%,,,,,,,,,,
27/04/2022,21.97,22.19,22.33,21.88,"41,58M",0.00%,,,,,,,,,,
28/04/2022,22.11,22.25,22.37,22.1,"43,12M",0.67%,,,,,,,,,,
29/04/2022,22.13,22.47,23.08,22.13,"75,91M",0.07%,,,,,,,,,,
02/05/2022,21.91,22.05,22.16,21.43,"72,24M",-0.99%,,,,,,,,,,
03/05/2022,22.1,22.01,22.21,21.79,"52,28M",0.90%,,,,,,,,,,
04/05/2022,23.43,22.36,23.51,22.21,"108,92M",6.02%,,,,,,,,,,
05/05/2022,23.39,23.24,23.75,22.67,"98,72M",-0.19%,,,,,,,,,,
06/05/2022,24.16,23.89,24.2,23.31,"129,32M",3.28%,,,,,,,,,,
09/05/2022,23.5,23.89,24.14,23.43,"91,49M",-2.72%,,,,,,,,,,
10/05/2022,23.7,23.65,24,23.53,"60,23M",0.87%,,,,,,,,,,
11/05/2022,24.53,23.95,24.78,23.89,"108,54M",3.48%,,,,,,,,,,
12/05/2022,24.72,24.3,24.9,24.3,"114,03M",0.77%,,,,,,,,,,
13/05/2022,25.04,24.92,25.17,24.77,"66,84M",1.30%,,,,,,,,,,
16/05/2022,25.29,25.03,25.49,24.85,"91,89M",0.99%,,,,,,,,,,
17/05/2022,24.96,25.57,25.68,24.95,"90,43M",-1.30%,,,,,,,,,,
18/05/2022,24.55,24.98,25.25,24.43,"80,79M",-1.64%,,,,,,,,,,
19/05/2022,24.97,24.49,25.06,24.35,"63,72M",1.70%,,,,,,,,,,
20/05/2022,25.45,25.28,25.45,25.03,"77,94M",1.93%,,,,,,,,,,
23/05/2022,26.45,25.71,26.53,25.68,"93,81M",3.93%,,,,,,,,,,
24/05/2022,25.73,25.41,26.13,25.01,"153,50M",-2.72%,,,,,,,,,,
25/05/2022,26.1,25.81,26.29,25.45,"69,82M",1.42%,,,,,,,,,,
26/05/2022,26.16,26.07,26.51,26.02,"78,08M",0.25%,,,,,,,,,,
27/05/2022,24.92,26.18,26.18,24.89,"117,50M",-4.76%,,,,,,,,,,
30/05/2022,24.42,25.11,25.14,23.71,"97,72M",-1.99%,,,,,,,,,,
31/05/2022,24.48,24.76,24.93,24.27,"83,28M",0.23%,,,,,,,,,,
01/06/2022,24.44,24.35,24.7,24.31,"46,02M",-0.13%,,,,,,,,,,
02/06/2022,24.23,24.4,24.47,24.06,"50,25M",-0.87%,,,,,,,,,,
03/06/2022,24.66,24.19,24.79,24.05,"60,20M",1.75%,,,,,,,,,,
06/06/2022,24.67,24.84,24.86,24.36,"38,95M",0.07%,,,,,,,,,,
07/06/2022,24.97,24.58,25.49,24.56,"79,94M",1.19%,,,,,,,,,,
08/06/2022,24.84,24.77,25.37,24.7,"65,72M",-0.49%,,,,,,,,,,
09/06/2022,24.49,24.84,24.97,24.41,"53,70M",-1.44%,,,,,,,,,,
10/06/2022,24.14,24.44,24.44,23.66,"62,63M",-1.40%,,,,,,,,,,
13/06/2022,23.83,23.63,24.09,23.35,"64,36M",-1.28%,,,,,,,,,,
14/06/2022,24.1,24.15,24.63,23.81,"68,57M",1.13%,,,,,,,,,,
15/06/2022,23.68,24.43,24.44,23.48,"72,19M",-1.76%,,,,,,,,,,
17/06/2022,22.24,22.94,23.17,21.28,"183,27M",-6.09%,,,,,,,,,,
20/06/2022,22.49,21.19,23,21.1,"92,33M",1.14%,,,,,,,,,,
21/06/2022,22.04,22.64,22.93,21.73,"84,68M",-1.99%,,,,,,,,,,
22/06/2022,21.98,21.64,22.43,21.49,"57,65M",-0.30%,,,,,,,,,,
23/06/2022,21.57,21.97,22.3,21.27,"68,92M",-1.85%,,,,,,,,,,
24/06/2022,21.41,21.79,22.06,21.32,"53,09M",-0.75%,,,,,,,,,,
27/06/2022,22.78,21.84,22.86,21.71,"90,06M",6.43%,,,,,,,,,,
28/06/2022,23.07,23.27,23.48,22.82,"51,24M",1.25%,,,,,,,,,,
29/06/2022,22.87,23.19,23.47,22.67,"51,27M",-0.88%,,,,,,,,,,
30/06/2022,22.74,22.52,22.85,22.31,"49,62M",-0.53%,,,,,,,,,,
01/07/2022,23.23,22.87,23.49,22.41,"64,80M",2.15%,,,,,,,,,,
04/07/2022,23.73,23.24,23.84,23.24,"37,14M",2.14%,,,,,,,,,,
05/07/2022,22.82,23.53,23.57,22.43,"78,21M",-3.81%,,,,,,,,,,
06/07/2022,22.53,22.93,23.19,21.91,"57,18M",-1.28%,,,,,,,,,,
07/07/2022,23.19,22.8,23.55,22.8,"52,04M",2.93%,,,,,,,,,,
08/07/2022,23.45,23.23,23.59,23.1,"42,80M",1.12%,,,,,,,,,,
11/07/2022,23.34,23.06,23.44,23,"39,39M",-0.49%,,,,,,,,,,
12/07/2022,22.99,23.04,23.15,22.78,"46,31M",-1.50%,,,,,,,,,,
13/07/2022,23,22.91,23.19,22.78,"35,31M",0.07%,,,,,,,,,,
14/07/2022,22.38,22.8,22.8,22.18,"46,88M",-2.69%,,,,,,,,,,
15/07/2022,22.77,22.56,22.84,22.38,"37,78M",1.71%,,,,,,,,,,
18/07/2022,23.29,23.12,23.36,23.04,"46,61M",2.29%,,,,,,,,,,
19/07/2022,23.76,23.25,23.81,23.13,"48,22M",2.03%,,,,,,,,,,
20/07/2022,23.75,23.67,23.79,23.48,"43,38M",-0.03%,,,,,,,,,,
21/07/2022,23.63,23.6,23.72,22.96,"58,68M",-0.51%,,,,,,,,,,
22/07/2022,23.88,23.65,24,23.49,"55,55M",1.07%,,,,,,,,,,
25/07/2022,25,24.11,25.04,24.11,"78,68M",4.67%,,,,,,,,,,
26/07/2022,25.25,25.41,25.75,24.91,"78,13M",1.01%,,,,,,,,,,
27/07/2022,25.53,25.49,25.63,24.93,"55,89M",1.10%,,,,,,,,,,
28/07/2022,26.29,25.72,26.57,25.59,"113,62M",3.00%,,,,,,,,,,
29/07/2022,27.81,27.36,28.22,26.73,"180,76M",5.76%,,,,,,,,,,
01/08/2022,27.43,27.69,27.81,27.05,"81,09M",-1.38%,,,,,,,,,,
02/08/2022,27.55,27.5,28.09,27.26,"68,73M",0.45%,,,,,,,,,,
03/08/2022,27.59,27.69,27.82,27.33,"65,50M",0.15%,,,,,,,,,,
04/08/2022,27.86,27.75,28.01,27.34,"53,95M",0.97%,,,,,,,,,,
05/08/2022,28.39,27.81,28.55,27.78,"77,56M",1.93%,,,,,,,,,,
08/08/2022,29.83,28.61,29.94,28.61,"109,01M",5.05%,,,,,,,,,,
09/08/2022,30.32,30.14,30.5,30.01,"78,06M",1.64%,,,,,,,,,,
10/08/2022,30.22,30.66,30.66,29.81,"77,38M",-0.32%,,,,,,,,,,
11/08/2022,29.52,30.5,30.83,29.52,"127,30M",-2.32%,,,,,,,,,,
12/08/2022,31.71,29.1,31.83,29.08,"170,41M",7.43%,,,,,,,,,,
15/08/2022,31.72,30.88,32.23,30.55,"96,42M",0.03%,,,,,,,,,,
16/08/2022,32.01,31.72,32.07,31.5,"64,02M",0.91%,,,,,,,,,,
17/08/2022,32.76,31.65,32.82,31.6,"72,59M",2.34%,,,,,,,,,,
18/08/2022,33.42,33.1,33.66,32.87,"84,06M",2.01%,,,,,,,,,,
19/08/2022,31.73,32.92,33.15,31.33,"124,27M",-5.06%,,,,,,,,,,
22/08/2022,32.41,31.74,32.58,30.48,"92,05M",2.14%,,,,,,,,,,
23/08/2022,33.44,32.63,33.5,32.62,"72,90M",3.18%,,,,,,,,,,
24/08/2022,33.64,33.54,34.12,33.25,"60,67M",0.60%,,,,,,,,,,
25/08/2022,33.28,34.1,34.36,32.67,"99,21M",-1.07%,,,,,,,,,,
26/08/2022,33.64,33.28,33.67,32.57,"63,34M",1.08%,,,,,,,,,,
29/08/2022,34.48,33.55,35.08,33.45,"72,91M",2.50%,,,,,,,,,,
30/08/2022,32.43,34,34.22,32.27,"98,29M",-5.95%,,,,,,,,,,
31/08/2022,33.23,32.07,33.44,31.82,"113,98M",2.47%,,,,,,,,,,
01/09/2022,33.85,33.36,33.95,32.76,"68,76M",1.87%,,,,,,,,,,
02/09/2022,33.42,34.44,34.57,33.26,"81,58M",-1.27%,,,,,,,,,,
05/09/2022,33.33,33.85,34.11,33.15,"75,75M",-0.27%,,,,,,,,,,
06/09/2022,32.1,32.27,32.59,31.51,"111,16M",-3.69%,,,,,,,,,,
08/09/2022,31.8,32.31,32.78,31.4,"62,88M",-0.93%,,,,,,,,,,
09/09/2022,31.79,32.49,32.67,31.7,"49,49M",-0.03%,,,,,,,,,,
12/09/2022,31.58,32.15,32.73,31.46,"71,03M",-0.66%,,,,,,,,,,
13/09/2022,30.65,30.94,31.44,30.52,"87,98M",-2.94%,,,,,,,,,,
14/09/2022,31.12,30.75,31.43,30.63,"48,81M",1.53%,,,,,,,,,,
15/09/2022,31.06,30.92,31.23,30.8,"45,27M",-0.19%,,,,,,,,,,
16/09/2022,30.78,30.86,30.95,30.34,"106,18M",-0.90%,,,,,,,,,,
19/09/2022,31.27,30.43,31.37,29.92,"65,08M",1.59%,,,,,,,,,,
20/09/2022,31.09,31.42,31.6,30.84,"67,06M",-0.58%,,,,,,,,,,
21/09/2022,31.17,31.35,31.47,30.89,"58,25M",0.26%,,,,,,,,,,
22/09/2022,31.94,31.48,32.08,31.03,"69,49M",2.47%,,,,,,,,,,
23/09/2022,29.94,31.32,31.39,29.77,"137,59M",-6.26%,,,,,,,,,,
26/09/2022,29.46,29.72,30.08,29.21,"79,42M",-1.60%,,,,,,,,,,
27/09/2022,29.67,29.9,30.2,29.51,"70,82M",0.71%,,,,,,,,,,
28/09/2022,29.27,29.67,29.82,28.58,"104,27M",-1.35%,,,,,,,,,,
29/09/2022,29.31,28.99,29.4,28.6,"87,32M",0.14%,,,,,,,,,,
30/09/2022,29.8,29.22,30.49,29,"121,10M",1.67%,,,,,,,,,,
03/10/2022,32.18,31.91,32.64,31.66,"177,58M",7.99%,,,,,,,,,,
04/10/2022,31.37,32.9,32.98,31.07,"115,44M",-2.52%,,,,,,,,,,
05/10/2022,32.55,31.41,32.82,31.2,"91,97M",3.76%,,,,,,,,,,
06/10/2022,33.66,33,33.79,32.44,"82,06M",3.41%,,,,,,,,,,
07/10/2022,33.63,33.58,34.32,33.22,"72,70M",-0.09%,,,,,,,,,,
10/10/2022,33.25,33.65,33.89,33,"51,81M",-1.13%,,,,,,,,,,
11/10/2022,33,32.89,33.33,32.61,"58,03M",-0.75%,,,,,,,,,,
13/10/2022,33.94,32.5,34.49,32.41,"90,84M",2.85%,,,,,,,,,,
14/10/2022,33.42,33.97,34.14,33.3,"61,93M",-1.53%,,,,,,,,,,
17/10/2022,33.39,33.24,34.15,32.84,"100,62M",-0.09%,,,,,,,,,,
18/10/2022,34.21,33.9,34.23,33.16,"81,21M",2.46%,,,,,,,,,,
19/10/2022,35.42,34.13,35.56,34.02,"113,20M",3.54%,,,,,,,,,,
20/10/2022,36.47,36.1,36.55,35.77,"113,78M",2.96%,,,,,,,,,,
21/10/2022,37.72,36.45,38.39,36.39,"138,72M",3.43%,,,,,,,,,,
24/10/2022,34.25,36.5,36.82,34.23,"141,30M",-9.20%,,,,,,,,,,
25/10/2022,33.53,34.04,34.5,33.21,"111,56M",-2.10%,,,,,,,,,,
26/10/2022,32.71,32.6,33.53,31.9,"120,94M",-2.45%,,,,,,,,,,
27/10/2022,32.96,32.81,33.54,32.67,"110,14M",0.76%,,,,,,,,,,
28/10/2022,32.57,32.7,33.12,31.86,"128,50M",-1.18%,,,,,,,,,,
31/10/2022,29.81,30.61,31.6,29.16,"261,68M",-8.47%,,,,,,,,,,
01/11/2022,29.86,30.57,30.67,29.56,"114,89M",0.17%,,,,,,,,,,
03/11/2022,29.95,29.8,30.39,29.44,"137,79M",0.30%,,,,,,,,,,
04/11/2022,28.3,30.8,30.9,28.18,"193,76M",-5.51%,,,,,,,,,,
07/11/2022,27.15,27.96,28.3,27.07,"117,21M",-4.06%,,,,,,,,,,
08/11/2022,27.35,27.06,27.53,26.75,"94,75M",0.74%,,,,,,,,,,
09/11/2022,26.9,27.15,27.95,26.64,"103,30M",-1.65%,,,,,,,,,,
10/11/2022,26.12,26.08,26.89,25.61,"145,47M",-2.90%,,,,,,,,,,
11/11/2022,26.99,25.8,27.36,25.7,"146,36M",3.33%,,,,,,,,,,
14/11/2022,27.7,27.26,28.18,27.09,"66,64M",2.63%,,,,,,,,,,
16/11/2022,27.15,27.81,28.11,26.93,"85,55M",-1.99%,,,,,,,,,,
17/11/2022,27.16,27,27.3,26.55,"101,53M",0.04%,,,,,,,,,,
18/11/2022,26.7,27.4,27.6,26.22,"127,18M",-1.69%,,,,,,,,,,
21/11/2022,23.43,23.73,24.12,22.79,"164,90M",-12.24%,,,,,,,,,,
22/11/2022,23.33,23,23.43,22.3,"164,26M",-0.43%,,,,,,,,,,
23/11/2022,23.44,23,23.65,22.8,"77,32M",0.47%,,,,,,,,,,
24/11/2022,24.25,23.52,24.63,23.25,"94,23M",3.46%,,,,,,,,,,
25/11/2022,23.86,24.26,24.33,23.6,"58,64M",-1.61%,,,,,,,,,,
28/11/2022,24.36,23.65,24.55,23.54,"56,07M",2.10%,,,,,,,,,,
29/11/2022,25.38,24.6,25.88,24.48,"96,15M",4.19%,,,,,,,,,,
30/11/2022,26.66,25.6,26.66,25.5,"120,77M",5.04%,,,,,,,,,,
01/12/2022,25.59,26.58,26.79,25.56,"71,26M",-4.01%,,,,,,,,,,
02/12/2022,25.91,25.69,26.45,25.31,"66,30M",1.25%,,,,,,,,,,
05/12/2022,25.62,26,26.58,25.55,"56,07M",-1.12%,,,,,,,,,,
06/12/2022,25.64,25.82,26.39,25.42,"74,99M",0.08%,,,,,,,,,,
07/12/2022,25.35,25.34,26.07,25.27,"57,01M",-1.13%,,,,,,,,,,
08/12/2022,24.78,25.55,25.79,24.64,"55,57M",-2.25%,,,,,,,,,,
09/12/2022,24.71,24.99,25.05,24.49,"61,59M",-0.28%,,,,,,,,,,
12/12/2022,23.91,24.58,24.66,23.13,"111,29M",-3.24%,,,,,,,,,,
13/12/2022,23.32,24.1,24.2,23.31,"102,53M",-2.47%,,,,,,,,,,
14/12/2022,21.47,22.5,22.6,20.77,"319,50M",-7.93%,,,,,,,,,,
15/12/2022,22.04,21,22.37,20.83,"132,39M",2.65%,,,,,,,,,,
16/12/2022,22.05,21.96,22.11,21.51,"89,84M",0.05%,,,,,,,,,,
19/12/2022,22.38,22.1,22.51,21.64,"63,07M",1.50%,,,,,,,,,,
20/12/2022,23.07,22.39,23.24,22.21,"71,88M",3.08%,,,,,,,,,,
21/12/2022,23.57,23.5,23.72,22.85,"74,25M",2.17%,,,,,,,,,,
22/12/2022,23.99,23.9,24.56,23.7,"81,89M",1.78%,,,,,,,,,,
23/12/2022,25.12,24.13,25.22,24.13,"68,39M",4.71%,,,,,,,,,,
26/12/2022,24.94,25.12,25.3,24.82,"28,77M",-0.72%,,,,,,,,,,
27/12/2022,25.11,25.25,25.31,24.55,"50,80M",0.68%,,,,,,,,,,
28/12/2022,24.8,25.1,25.32,24.75,"57,29M",-1.23%,,,,,,,,,,
29/12/2022,24.5,24.99,25.05,24.43,"57,90M",-1.21%,,,,,,,,,,
02/01/2023,22.92,23.54,23.81,22.8,"78,42M",-6.45%,,,,,,,,,,
03/01/2023,22.34,22.94,23.1,22.13,"96,75M",-2.53%,,,,,,,,,,
04/01/2023,23.05,21.96,23.6,21.83,"129,50M",3.18%,,,,,,,,,,
05/01/2023,23.88,23.34,24.04,23.15,"73,89M",3.60%,,,,,,,,,,
06/01/2023,23.74,23.94,24.32,23.55,"51,85M",-0.59%,,,,,,,,,,
09/01/2023,23.87,23.5,24,23.25,"46,39M",0.55%,,,,,,,,,,
10/01/2023,24.09,23.95,24.11,23.37,"52,74M",0.92%,,,,,,,,,,
11/01/2023,24.28,24.15,24.62,24.05,"53,54M",0.79%,,,,,,,,,,
12/01/2023,24.63,24.29,24.65,24.11,"58,13M",1.44%,,,,,,,,,,
13/01/2023,24.57,24.44,24.66,24.25,"40,00M",-0.24%,,,,,,,,,,
16/01/2023,24.04,24.41,24.5,23.83,"31,97M",-2.16%,,,,,,,,,,
17/01/2023,25.52,24.11,25.62,24.11,"91,80M",6.16%,,,,,,,,,,
18/01/2023,25.07,25.84,26.03,25,"69,69M",-1.76%,,,,,,,,,,
19/01/2023,25.83,25,25.95,24.79,"75,55M",3.03%,,,,,,,,,,
20/01/2023,26.37,25.89,26.6,25.42,"113,61M",2.09%,,,,,,,,,,
23/01/2023,26.79,26.27,27.6,26.13,"87,68M",1.59%,,,,,,,,,,
24/01/2023,26.6,27.47,27.53,26.37,"65,79M",-0.71%,,,,,,,,,,
25/01/2023,26.94,26.55,27.08,26.01,"51,83M",1.28%,,,,,,,,,,
26/01/2023,26.2,27.09,27.2,25.8,"73,34M",-2.75%,,,,,,,,,,
27/01/2023,25.62,26.18,26.23,25.44,"47,68M",-2.21%,,,,,,,,,,
30/01/2023,25.75,25.85,26.07,25.51,"40,68M",0.51%,,,,,,,,,,
31/01/2023,26.07,25.63,26.21,25.52,"54,05M",1.24%,,,,,,,,,,
01/02/2023,25.71,26.07,26.48,25.45,"56,35M",-1.38%,,,,,,,,,,
02/02/2023,24.52,25.51,25.81,24.42,"83,82M",-4.63%,,,,,,,,,,
03/02/2023,24.79,24.54,25.38,24.42,"71,17M",1.10%,,,,,,,,,,
06/02/2023,25.78,24.87,25.87,24.75,"82,79M",3.99%,,,,,,,,,,
07/02/2023,25.62,25.91,26.14,25.46,"55,31M",-0.62%,,,,,,,,,,
08/02/2023,26.05,25.8,26.15,25.56,"48,71M",1.68%,,,,,,,,,,
09/02/2023,25.93,26.05,26.32,25.79,"38,20M",-0.46%,,,,,,,,,,
10/02/2023,26.72,25.98,26.79,25.93,"54,68M",3.05%,,,,,,,,,,
13/02/2023,26.8,26.69,26.89,26.37,"36,73M",0.30%,,,,,,,,,,
14/02/2023,26.7,26.85,27.06,26.6,"35,84M",-0.37%,,,,,,,,,,
15/02/2023,26.74,26.58,26.8,26.3,"72,55M",0.15%,,,,,,,,,,
16/02/2023,26.85,26.6,26.95,26.49,"44,12M",0.41%,,,,,,,,,,
17/02/2023,26.44,26.67,26.67,26.37,"60,41M",-1.53%,,,,,,,,,,
22/02/2023,25.76,26,26.11,25.69,"38,61M",-2.57%,,,,,,,,,,
23/02/2023,26.55,25.77,26.79,25.77,"73,91M",3.07%,,,,,,,,,,
24/02/2023,25.97,26.67,26.7,25.87,"64,41M",-2.18%,,,,,,,,,,
27/02/2023,26.15,25.84,26.74,25.81,"76,25M",0.69%,,,,,,,,,,
28/02/2023,25.24,26.21,26.92,25.24,"130,25M",-3.48%,,,,,,,,,,
01/03/2023,25.3,25.31,25.43,24.19,"109,26M",0.24%,,,,,,,,,,
02/03/2023,24.64,25.42,25.67,24.37,"124,52M",-2.61%,,,,,,,,,,
03/03/2023,25.7,24.83,25.74,24.45,"87,59M",4.30%,,,,,,,,,,
06/03/2023,25.96,25.7,26.12,25.37,"50,23M",1.01%,,,,,,,,,,
07/03/2023,25.1,25.72,25.78,24.93,"59,05M",-3.31%,,,,,,,,,,
08/03/2023,25.42,25.15,25.92,25.13,"66,22M",1.27%,,,,,,,,,,
09/03/2023,25.31,25.35,26.23,25.28,"68,04M",-0.43%,,,,,,,,,,
10/03/2023,24.98,25.16,25.58,24.94,"48,12M",-1.30%,,,,,,,,,,
13/03/2023,24.19,24.57,24.85,24.1,"58,32M",-3.16%,,,,,,,,,,
14/03/2023,23.76,24.28,24.73,23.6,"58,54M",-1.78%,,,,,,,,,,
15/03/2023,23.34,23.29,23.46,22.8,"93,71M",-1.77%,,,,,,,,,,
16/03/2023,23.26,23.4,23.52,22.97,"66,60M",-0.34%,,,,,,,,,,
17/03/2023,23.51,23.1,23.51,22.86,"91,79M",1.07%,,,,,,,,,,
20/03/2023,22.93,23.51,23.65,22.89,"57,21M",-2.47%,,,,,,,,,,
21/03/2023,23.4,23.2,23.6,23.08,"43,30M",2.05%,,,,,,,,,,
22/03/2023,23.33,23.39,23.62,23.04,"46,38M",-0.30%,,,,,,,,,,
23/03/2023,22.8,23.4,23.67,22.59,"74,32M",-2.27%,,,,,,,,,,
24/03/2023,22.79,22.71,23.13,22.48,"51,89M",-0.04%,,,,,,,,,,
27/03/2023,23.18,23.11,23.36,22.83,"39,02M",1.71%,,,,,,,,,,
28/03/2023,23.59,23.22,23.64,23.15,"28,87M",1.77%,,,,,,,,,,
29/03/2023,23.9,23.71,24.04,23.47,"48,96M",1.31%,,,,,,,,,,
30/03/2023,23.97,24.25,24.28,23.68,"55,94M",0.29%,,,,,,,,,,
31/03/2023,23.45,24,24.22,23.21,"59,39M",-2.17%,,,,,,,,,,
03/04/2023,24.49,24.09,24.5,23.8,"73,53M",4.43%,,,,,,,,,,
04/04/2023,24.27,24.63,24.76,24.1,"57,32M",-0.90%,,,,,,,,,,
05/04/2023,24.35,24.21,24.52,23.27,"93,48M",0.33%,,,,,,,,,,
06/04/2023,24,24.34,24.42,23.95,"29,35M",-1.44%,,,,,,,,,,
10/04/2023,24.51,24.09,24.66,24.07,"41,40M",2.13%,,,,,,,,,,
11/04/2023,25.66,24.7,25.69,24.64,"80,22M",4.69%,,,,,,,,,,
12/04/2023,25.85,25.98,26.15,25.18,"71,45M",0.74%,,,,,,,,,,
13/04/2023,26.03,25.9,26.09,25.81,"38,75M",0.70%,,,,,,,,,,
14/04/2023,26.3,25.8,26.4,25.72,"38,19M",1.04%,,,,,,,,,,
17/04/2023,26.71,26.24,26.8,26.21,"49,27M",1.56%,,,,,,,,,,
18/04/2023,27.39,26.71,27.62,26.52,"99,28M",2.55%,,,,,,,,,,
19/04/2023,26.51,27.16,27.31,26.45,"72,89M",-3.21%,,,,,,,,,,
20/04/2023,26.69,26.52,26.98,26.29,"54,30M",0.68%,,,,,,,,,,
24/04/2023,27.2,26.6,27.26,26.53,"43,70M",1.91%,,,,,,,,,,
25/04/2023,27.09,27.16,27.5,26.72,"53,64M",-0.40%,,,,,,,,,,
26/04/2023,26.75,27.12,27.22,26.75,"39,88M",-1.26%,,,,,,,,,,
27/04/2023,26.1,26.85,27.18,25.91,"115,10M",-2.43%,,,,,,,,,,
28/04/2023,23.7,23.6,24.05,23.15,"80,81M",-9.20%,,,,,,,,,,
02/05/2023,22.74,23.7,23.74,22.64,"67,56M",-4.05%,,,,,,,,,,
03/05/2023,22.66,22.57,22.97,22.43,"50,97M",-0.35%,,,,,,,,,,
04/05/2023,23.02,22.89,23.38,22.61,"57,77M",1.59%,,,,,,,,,,
05/05/2023,24,23.29,24.17,23.19,"83,12M",4.26%,,,,,,,,,,
06/05/2023,24.09,24.09,24.09,24.09,,0.38%,,,,,,,,,,
08/05/2023,24.51,24.45,24.63,24.21,"59,18M",1.74%,,,,,,,,,,
09/05/2023,24.59,24.41,24.8,24.24,"33,71M",0.33%,,,,,,,,,,
10/05/2023,24.53,24.59,24.82,24.33,"41,35M",-0.24%,,,,,,,,,,
11/05/2023,25.43,24.13,25.48,23.93,"136,31M",3.67%,,,,,,,,,,
12/05/2023,26.25,25.58,26.74,25.48,"117,05M",3.22%,,,,,,,,,,
15/05/2023,25.66,26.06,26.15,25.4,"81,86M",-2.25%,,,,,,,,,,
16/05/2023,26.3,26.13,27.01,26.13,"117,20M",2.49%,,,,,,,,,,
17/05/2023,25.66,26.6,26.76,25.51,"106,83M",-2.43%,,,,,,,,,,
18/05/2023,25.81,25.59,25.85,25.35,"62,82M",0.58%,,,,,,,,,,
19/05/2023,25.92,26.08,26.18,25.64,"68,06M",0.43%,,,,,,,,,,
22/05/2023,25.62,25.88,26.01,25.5,"37,76M",-1.16%,,,,,,,,,,
23/05/2023,26.25,25.64,26.42,25.54,"57,84M",2.46%,,,,,,,,,,
,,,,,,,,,,,,,,,,
,,,,,,,,,,,,,,,,
,,,,,,,,,,,,,,,,
,,,,,,,,,,,,,,,,
,,,,,,,,,,,,,,,,
,,,,,,,,,,,,,,,,
,,,,,,,,,,,,,,,,
,,,,,,,,,,,,,,,,
,,,,,,,,,,,,,,,,
,,,,,,,,,,,,,,,,
,,,,,,,,,,,,,,,,
,,,,,,,,,,,,,,,,
,,,,,,,,,,,,,,,,
,,,,,,,,,,,,,,,,
,,,,,,,,,,,,,,,,
,,,,,,,,,,,,,,,,249.3333333
